-- --------------------------------------------------------
-- 主机:                           127.0.0.1
-- 服务器版本:                        11.5.2-MariaDB - mariadb.org binary distribution
-- 服务器操作系统:                      Win64
-- HeidiSQL 版本:                  12.12.0.7122
-- --------------------------------------------------------

/*!40101 SET @OLD_CHARACTER_SET_CLIENT=@@CHARACTER_SET_CLIENT */;
/*!40101 SET NAMES utf8 */;
/*!50503 SET NAMES utf8mb4 */;
/*!40103 SET @OLD_TIME_ZONE=@@TIME_ZONE */;
/*!40103 SET TIME_ZONE='+00:00' */;
/*!40014 SET @OLD_FOREIGN_KEY_CHECKS=@@FOREIGN_KEY_CHECKS, FOREIGN_KEY_CHECKS=0 */;
/*!40101 SET @OLD_SQL_MODE=@@SQL_MODE, SQL_MODE='NO_AUTO_VALUE_ON_ZERO' */;
/*!40111 SET @OLD_SQL_NOTES=@@SQL_NOTES, SQL_NOTES=0 */;


-- 导出 my_test_db 的数据库结构
CREATE DATABASE IF NOT EXISTS `my_test_db` /*!40100 DEFAULT CHARACTER SET utf8mb4 COLLATE utf8mb4_unicode_ci */;
USE `my_test_db`;

-- 导出  表 my_test_db.comments 结构
CREATE TABLE IF NOT EXISTS `comments` (
  `id` bigint(20) unsigned NOT NULL AUTO_INCREMENT,
  `content` varchar(512) NOT NULL COMMENT '评论内容',
  `user_id` bigint(20) unsigned NOT NULL COMMENT '用户ID',
  `post_id` bigint(20) unsigned NOT NULL COMMENT '文章ID',
  `created_at` datetime DEFAULT NULL COMMENT '创建时间',
  `updated_at` datetime DEFAULT NULL COMMENT '更新时间',
  PRIMARY KEY (`id`),
  KEY `idx_comments_user_id` (`user_id`),
  KEY `idx_comments_post_id` (`post_id`),
  CONSTRAINT `fk_posts_comments` FOREIGN KEY (`post_id`) REFERENCES `posts` (`id`),
  CONSTRAINT `fk_users_comments` FOREIGN KEY (`user_id`) REFERENCES `users` (`id`)
) ENGINE=InnoDB AUTO_INCREMENT=495 DEFAULT CHARSET=utf8mb4 COLLATE=utf8mb4_unicode_ci;

-- 正在导出表  my_test_db.comments 的数据：~123 rows (大约)
INSERT INTO `comments` (`id`, `content`, `user_id`, `post_id`, `created_at`, `updated_at`) VALUES
	(370, '请问B+树索引和哈希索引的适用场景有什么区别？', 5, 1, '2025-10-03 11:20:33', '2025-10-03 11:20:33'),
	(371, '写得很详细！之前踩过索引失效的坑，现在终于明白了', 8, 1, '2025-10-03 14:35:44', '2025-10-03 14:35:44'),
	(372, '请问联合索引的顺序对查询有影响吗？', 12, 1, '2025-10-04 09:15:55', '2025-10-04 09:15:55'),
	(373, '补充：InnoDB的聚簇索引叶子节点存储的是整行数据', 3, 1, '2025-10-04 16:25:06', '2025-10-04 16:25:06'),
	(374, 'Consul的服务健康检查是怎么配置的？', 7, 2, '2025-10-06 10:20:11', '2025-10-06 10:20:11'),
	(375, 'Gin框架的中间件和拦截器有什么区别？', 15, 2, '2025-10-06 15:30:22', '2025-10-06 15:30:22'),
	(376, '微服务的熔断机制用什么组件实现比较好？', 18, 2, '2025-10-07 09:40:33', '2025-10-07 09:40:33'),
	(377, 'React 19的Server Components和Next.js的App Router有什么关系？', 4, 3, '2025-10-05 11:15:44', '2025-10-05 11:15:44'),
	(378, 'Actions特性解决了什么问题？之前用useEffect处理表单提交很麻烦', 9, 3, '2025-10-05 16:25:55', '2025-10-05 16:25:55'),
	(379, 'React 19和Vue 3哪个性能更好？', 13, 3, '2025-10-06 10:35:06', '2025-10-06 10:35:06'),
	(380, '已经升级到React 19，体验确实提升很大！', 19, 3, '2025-10-07 14:45:17', '2025-10-07 14:45:17'),
	(381, '基金定投的止盈点设置多少合适？', 6, 4, '2025-10-08 11:50:28', '2025-10-08 11:50:28'),
	(382, '新手适合投指数基金还是主动基金？', 11, 4, '2025-10-08 16:00:39', '2025-10-08 16:00:39'),
	(383, '定投需要避开哪些坑？比如手续费、赎回规则', 20, 4, '2025-10-09 09:10:50', '2025-10-09 09:10:50'),
	(384, 'Pandas处理大文件时如何避免内存溢出？', 2, 5, '2025-10-05 14:25:01', '2025-10-05 14:25:01'),
	(385, 'Matplotlib的中文显示问题怎么解决？', 10, 5, '2025-10-05 19:35:12', '2025-10-05 19:35:12'),
	(386, '有没有推荐的Pandas进阶学习资料？', 16, 5, '2025-10-06 13:45:23', '2025-10-06 13:45:23'),
	(387, '露营帐篷选三季帐还是四季帐？', 1, 6, '2025-10-09 11:55:34', '2025-10-09 11:55:34'),
	(388, '炊具选气炉还是酒精炉？哪个更安全？', 8, 6, '2025-10-09 16:05:45', '2025-10-09 16:05:45'),
	(389, '户外电源选多少容量的合适？', 14, 6, '2025-10-10 10:15:56', '2025-10-10 10:15:56'),
	(390, '收藏了！准备国庆去露营，正好用上', 17, 6, '2025-10-10 15:25:07', '2025-10-10 15:25:07'),
	(391, 'Rust的生命周期标注什么时候需要显式写？', 5, 7, '2025-10-06 14:30:18', '2025-10-06 14:30:18'),
	(392, '有没有Rust的Web框架推荐？', 12, 7, '2025-10-06 19:40:29', '2025-10-06 19:40:29'),
	(393, 'Rust和Go哪个更适合写后端服务？', 19, 7, '2025-10-07 13:50:40', '2025-10-07 13:50:40'),
	(394, '《沙丘2》的原著小说值得看吗？', 3, 8, '2025-10-10 11:00:51', '2025-10-10 11:00:51'),
	(395, '电影里的香料对应现实中的什么资源？', 9, 8, '2025-10-10 16:10:02', '2025-10-10 16:10:02'),
	(396, '期待第三部！导演的叙事节奏太牛了', 15, 8, '2025-10-11 10:20:13', '2025-10-11 10:20:13'),
	(397, 'RESTful API的版本控制怎么实现？', 6, 9, '2025-10-08 14:30:24', '2025-10-08 14:30:24'),
	(398, 'API文档用Swagger还是Knife4j？', 11, 9, '2025-10-08 19:40:35', '2025-10-08 19:40:35'),
	(399, 'POST和PUT的区别是什么？什么时候用PUT？', 17, 9, '2025-10-09 13:50:46', '2025-10-09 13:50:46'),
	(400, '番茄牛腩需要炖多久才能软烂？', 4, 10, '2025-10-11 11:10:57', '2025-10-11 11:10:57'),
	(401, '可以用高压锅吗？会不会影响口感？', 10, 10, '2025-10-11 16:20:08', '2025-10-11 16:20:08'),
	(402, '收藏了！周末试试做，看起来很简单', 16, 10, '2025-10-12 10:30:19', '2025-10-12 10:30:19'),
	(403, '以太坊的Gas费怎么计算？', 2, 11, '2025-10-08 15:40:30', '2025-10-08 15:40:30'),
	(404, '新手适合投资比特币还是以太坊？', 7, 11, '2025-10-08 20:50:41', '2025-10-08 20:50:41'),
	(405, '区块链的去中心化真的安全吗？', 13, 11, '2025-10-09 15:00:52', '2025-10-09 15:00:52'),
	(406, '增肌期间的蛋白质摄入量怎么计算？', 5, 12, '2025-10-13 11:20:03', '2025-10-13 11:20:03'),
	(407, '在家没有器械可以增肌吗？', 12, 12, '2025-10-13 16:30:14', '2025-10-13 16:30:14'),
	(408, '训练后多久补充营养最合适？', 18, 12, '2025-10-14 10:40:25', '2025-10-14 10:40:25'),
	(409, 'Elasticsearch的分片和副本怎么设置？', 3, 13, '2025-10-10 15:50:36', '2025-10-10 15:50:36'),
	(410, '全文检索如何实现模糊匹配？', 9, 13, '2025-10-10 21:00:47', '2025-10-10 21:00:47'),
	(411, 'ES的查询性能和数据量的关系？', 15, 13, '2025-10-11 15:10:58', '2025-10-11 15:10:58'),
	(412, '大理的住宿选古城还是洱海周边？', 6, 14, '2025-10-14 11:30:09', '2025-10-14 11:30:09'),
	(413, '洱海骑行需要租电动车还是自行车？', 11, 14, '2025-10-14 16:40:20', '2025-10-14 16:40:20'),
	(414, '大理的美食有什么推荐？', 17, 14, '2025-10-15 10:50:31', '2025-10-15 10:50:31'),
	(415, '线程池的队列满了之后会发生什么？', 4, 15, '2025-10-11 16:00:42', '2025-10-11 16:00:42'),
	(416, '核心线程数设置为CPU核心数的几倍合适？', 10, 15, '2025-10-11 21:10:53', '2025-10-11 21:10:53'),
	(417, 'Java的线程池和Go的goroutine池有什么区别？', 16, 15, '2025-10-12 15:20:04', '2025-10-12 15:20:04'),
	(418, '《人类简史》里的认知革命是指什么？', 2, 16, '2025-10-15 11:40:15', '2025-10-15 11:40:15'),
	(419, '有没有类似的历史类书籍推荐？', 7, 16, '2025-10-15 16:50:26', '2025-10-15 16:50:26'),
	(420, '这本书的观点有没有争议？', 13, 16, '2025-10-16 11:00:37', '2025-10-16 11:00:37'),
	(421, 'Redis的缓存雪崩怎么预防？', 5, 17, '2025-10-11 17:10:48', '2025-10-11 17:10:48'),
	(422, '热点key问题怎么解决？', 12, 17, '2025-10-11 22:20:59', '2025-10-11 22:20:59'),
	(423, 'Redis的持久化方案选RDB还是AOF？', 18, 17, '2025-10-12 16:30:10', '2025-10-12 16:30:10'),
	(424, '手冲咖啡的粉水比多少合适？', 3, 18, '2025-10-16 11:50:21', '2025-10-16 11:50:21'),
	(425, '有没有性价比高的手冲壶推荐？', 9, 18, '2025-10-16 17:00:32', '2025-10-16 17:00:32'),
	(426, '咖啡豆的烘焙度怎么选？', 15, 18, '2025-10-17 11:10:43', '2025-10-17 11:10:43'),
	(427, 'K8s的Namespace有什么作用？', 6, 19, '2025-10-13 17:20:54', '2025-10-13 17:20:54'),
	(428, 'Deployment和StatefulSet的区别？', 11, 19, '2025-10-13 22:30:05', '2025-10-13 22:30:05'),
	(429, 'K8s的服务发现是怎么实现的？', 17, 19, '2025-10-14 16:40:16', '2025-10-14 16:40:16'),
	(430, '英短猫的掉毛问题怎么解决？', 4, 20, '2025-10-17 12:20:27', '2025-10-17 12:20:27'),
	(431, '幼猫和成年猫的饮食有什么区别？', 10, 20, '2025-10-17 17:30:38', '2025-10-17 17:30:38'),
	(432, '英短猫容易得什么疾病？', 16, 20, '2025-10-18 11:40:49', '2025-10-18 11:40:49'),
	(433, 'Vue3的ref和reactive怎么选择？', 2, 21, '2025-10-14 17:50:00', '2025-10-14 17:50:00'),
	(434, '组合式API怎么复用逻辑？', 7, 21, '2025-10-14 23:00:11', '2025-10-14 23:00:11'),
	(435, 'Vue3的性能比Vue2提升了多少？', 13, 21, '2025-10-15 17:10:22', '2025-10-15 17:10:22'),
	(436, '黄山的门票需要提前预约吗？', 5, 22, '2025-10-18 12:30:33', '2025-10-18 12:30:33'),
	(437, '山上的住宿价格怎么样？', 12, 22, '2025-10-18 17:40:44', '2025-10-18 17:40:44'),
	(438, '徒步黄山需要穿什么鞋子？', 18, 22, '2025-10-19 11:50:55', '2025-10-19 11:50:55'),
	(439, 'JVM的G1GC和ZGC有什么区别？', 3, 23, '2025-10-15 18:00:06', '2025-10-15 18:00:06'),
	(440, 'Spring Boot的默认线程池在哪里配置？', 9, 23, '2025-10-15 23:10:17', '2025-10-15 23:10:17'),
	(441, '有没有Spring Boot性能监控的工具推荐？', 15, 23, '2025-10-16 17:20:28', '2025-10-16 17:20:28'),
	(442, '上海的日料店人均消费多少？', 6, 24, '2025-10-19 12:40:39', '2025-10-19 12:40:39'),
	(443, '有没有适合约会的日料店？', 11, 24, '2025-10-19 17:50:50', '2025-10-19 17:50:50'),
	(444, '刺身的新鲜度怎么判断？', 17, 24, '2025-10-20 12:00:01', '2025-10-20 12:00:01'),
	(445, 'Flutter的热重载为什么有时候失效？', 4, 25, '2025-10-16 18:10:12', '2025-10-16 18:10:12'),
	(446, 'iOS和Android的权限申请代码需要分开写吗？', 10, 25, '2025-10-16 23:20:23', '2025-10-16 23:20:23'),
	(447, 'Flutter的包体积怎么优化？', 16, 25, '2025-10-17 17:30:34', '2025-10-17 17:30:34'),
	(448, '手机摄影怎么虚化背景？', 2, 26, '2025-10-20 12:10:45', '2025-10-20 12:10:45'),
	(449, '有没有推荐的手机修图APP？', 7, 26, '2025-10-20 17:20:56', '2025-10-20 17:20:56'),
	(450, '黄金时刻拍照的具体时间是什么时候？', 13, 26, '2025-10-21 12:30:07', '2025-10-21 12:30:07'),
	(451, 'MongoDB的聚合管道和SQL的JOIN有什么区别？', 5, 27, '2025-10-17 18:30:18', '2025-10-17 18:30:18'),
	(452, 'MongoDB适合存储日志数据吗？', 12, 27, '2025-10-17 23:40:29', '2025-10-17 23:40:29'),
	(453, 'MongoDB的索引和MySQL的索引有什么区别？', 18, 27, '2025-10-18 17:50:40', '2025-10-18 17:50:40'),
	(454, '雨崩的徒步难度大吗？适合新手吗？', 3, 28, '2025-10-21 12:40:51', '2025-10-21 12:40:51'),
	(455, '徒步雨崩需要带登山杖吗？', 9, 28, '2025-10-21 17:50:02', '2025-10-21 17:50:02'),
	(456, '雨崩的住宿条件怎么样？', 15, 28, '2025-10-22 12:00:13', '2025-10-22 12:00:13'),
	(457, 'Node.js的事件循环有几个阶段？', 6, 29, '2025-10-18 18:40:24', '2025-10-18 18:40:24'),
	(458, 'Node.js怎么处理大文件上传？', 11, 29, '2025-10-18 23:50:35', '2025-10-18 23:50:35'),
	(459, 'Node.js和Deno有什么区别？', 17, 29, '2025-10-19 18:00:46', '2025-10-19 18:00:46'),
	(460, '自制奶茶可以加什么配料？', 4, 30, '2025-10-22 12:50:57', '2025-10-22 12:50:57'),
	(461, '牛奶选全脂还是脱脂？', 10, 30, '2025-10-22 18:00:08', '2025-10-22 18:00:08'),
	(462, '冷藏后的奶茶可以放多久？', 16, 30, '2025-10-23 12:10:19', '2025-10-23 12:10:19'),
	(463, 'C++17的结构化绑定可以绑定数组吗？', 2, 31, '2025-10-19 18:50:30', '2025-10-19 18:50:30'),
	(464, '折叠表达式适合什么场景？', 7, 31, '2025-10-20 00:00:41', '2025-10-20 00:00:41'),
	(465, 'C++17还有哪些实用的新特性？', 13, 31, '2025-10-20 19:10:52', '2025-10-20 19:10:52'),
	(466, '拉萨的高原反应怎么预防？', 5, 32, '2025-10-23 13:00:03', '2025-10-23 13:00:03'),
	(467, '布达拉宫的门票怎么预约？', 12, 32, '2025-10-23 18:10:14', '2025-10-23 18:10:14'),
	(468, '纳木错的海拔多少？', 18, 32, '2025-10-24 13:20:25', '2025-10-24 13:20:25'),
	(469, 'GraphQL和RESTful API哪个更适合移动端？', 3, 33, '2025-10-20 19:20:36', '2025-10-20 19:20:36'),
	(470, 'GraphQL的查询复杂度怎么控制？', 9, 33, '2025-10-21 00:30:47', '2025-10-21 00:30:47'),
	(471, '有没有GraphQL的可视化工具推荐？', 15, 33, '2025-10-21 19:40:58', '2025-10-21 19:40:58'),
	(472, '戚风蛋糕为什么容易塌陷？', 6, 34, '2025-10-24 13:30:09', '2025-10-24 13:30:09'),
	(473, '蛋白打发需要加白糖吗？', 11, 34, '2025-10-24 18:40:20', '2025-10-24 18:40:20'),
	(474, '可以用空气炸锅烤戚风蛋糕吗？', 17, 34, '2025-10-25 13:50:31', '2025-10-25 13:50:31'),
	(475, 'Docker的多阶段构建怎么用？', 4, 35, '2025-10-21 19:50:42', '2025-10-21 19:50:42'),
	(476, 'Docker镜像怎么推送到私有仓库？', 10, 35, '2025-10-22 01:00:53', '2025-10-22 01:00:53'),
	(477, 'Docker Compose和K8s的区别？', 16, 35, '2025-10-22 20:10:04', '2025-10-22 20:10:04'),
	(478, '稻城亚丁的最佳旅行时间是什么时候？', 2, 36, '2025-10-25 14:00:15', '2025-10-25 14:00:15'),
	(479, '高原反应严重吗？需要带氧气罐吗？', 7, 36, '2025-10-25 19:10:26', '2025-10-25 19:10:26'),
	(480, '稻城亚丁的门票多少钱？', 13, 36, '2025-10-26 14:20:37', '2025-10-26 14:20:37'),
	(481, 'SwiftUI的布局系统和UIKit有什么区别？', 5, 37, '2025-10-22 20:20:48', '2025-10-22 20:20:48'),
	(482, 'macOS应用的打包流程是什么？', 12, 37, '2025-10-23 01:30:59', '2025-10-23 01:30:59'),
	(483, 'SwiftUI支持iOS 14及以下版本吗？', 18, 37, '2025-10-23 20:40:10', '2025-10-23 20:40:10'),
	(484, '自制酸奶的发酵温度怎么控制？', 3, 38, '2025-10-26 14:30:21', '2025-10-26 14:30:21'),
	(485, '酸奶菌粉可以重复使用吗？', 9, 38, '2025-10-26 19:40:32', '2025-10-26 19:40:32'),
	(486, '自制酸奶可以加水果吗？', 15, 38, '2025-10-27 14:50:43', '2025-10-27 14:50:43'),
	(487, 'PHP8的JIT编译怎么开启？', 6, 39, '2025-10-23 20:50:54', '2025-10-23 20:50:54'),
	(488, '严格类型声明有什么好处？', 11, 39, '2025-10-24 02:00:05', '2025-10-24 02:00:05'),
	(489, 'PHP8和PHP7的性能差距有多大？', 17, 39, '2025-10-24 21:10:16', '2025-10-24 21:10:16'),
	(490, '喀纳斯的秋季是几月？', 4, 40, '2025-10-27 15:00:27', '2025-10-27 15:00:27'),
	(491, '摄影需要带三脚架吗？', 10, 40, '2025-10-27 20:10:38', '2025-10-27 20:10:38'),
	(492, '喀纳斯的住宿需要提前预订吗？', 16, 40, '2025-10-28 15:20:49', '2025-10-28 15:20:49');

-- 导出  表 my_test_db.posts 结构
CREATE TABLE IF NOT EXISTS `posts` (
  `id` bigint(20) unsigned NOT NULL AUTO_INCREMENT,
  `title` varchar(255) NOT NULL COMMENT '标题',
  `content` longtext NOT NULL COMMENT '内容',
  `user_id` bigint(20) unsigned NOT NULL COMMENT '作者ID',
  `comment_num` bigint(20) unsigned NOT NULL DEFAULT 0 COMMENT '评论数',
  `created_at` datetime DEFAULT NULL COMMENT '创建时间',
  `updated_at` datetime DEFAULT NULL COMMENT '更新时间',
  PRIMARY KEY (`id`),
  KEY `idx_posts_user_id` (`user_id`),
  CONSTRAINT `fk_users_posts` FOREIGN KEY (`user_id`) REFERENCES `users` (`id`)
) ENGINE=InnoDB AUTO_INCREMENT=45 DEFAULT CHARSET=utf8mb4 COLLATE=utf8mb4_unicode_ci;

-- 正在导出表  my_test_db.posts 的数据：~41 rows (大约)
INSERT INTO `posts` (`id`, `title`, `content`, `user_id`, `comment_num`, `created_at`, `updated_at`) VALUES
	(1, 'MySQL索引优化：B+树原理与实战技巧', '在数据库查询中，索引是提升性能的核心。MySQL的InnoDB引擎默认使用B+树索引，其叶子节点存储数据指针，支持范围查询和排序...', 1, 0, '2025-10-02 10:15:36', '2025-10-03 09:20:18'),
	(2, 'Go语言微服务架构：Gin+Consul实战', '微服务架构已成为后端开发的主流，本文结合Gin框架和Consul服务发现，实现一个高可用的微服务集群...', 1, 0, '2025-10-05 14:30:22', '2025-10-05 14:30:22'),
	(3, '2025前端框架趋势：React 19新特性解析', 'React 19带来了Server Components、Actions等核心特性，彻底改变了前端开发模式...', 2, 0, '2025-10-03 11:20:45', '2025-10-04 16:40:33'),
	(4, '个人理财指南：基金定投与风险控制', '对于刚接触理财的新手，基金定投是低门槛、低风险的选择。本文详细讲解定投策略、止盈止损技巧...', 2, 0, '2025-10-06 15:45:11', '2025-10-06 15:45:11'),
	(5, 'Python数据分析：Pandas+Matplotlib实战', 'Pandas是Python数据分析的核心库，配合Matplotlib可视化，可快速处理百万级数据并生成图表...', 3, 0, '2025-10-04 09:30:56', '2025-10-04 09:30:56'),
	(6, '户外露营装备清单：新手避坑指南', '第一次露营别乱买装备！本文整理了必备装备（帐篷、睡袋、炊具）和可选装备，附性价比推荐...', 3, 0, '2025-10-07 11:50:33', '2025-10-08 10:15:22'),
	(7, 'Rust内存安全：所有权与借用规则详解', 'Rust通过编译期检查实现内存安全，无需GC。本文深入讲解所有权、可变借用、生命周期三大核心概念...', 4, 0, '2025-10-05 13:20:17', '2025-10-05 13:20:17'),
	(8, '电影《沙丘2》深度解析：生态与宗教隐喻', '《沙丘2》延续了第一部的宏大叙事，以阿拉基斯星球的香料为核心，探讨了生态保护、宗教信仰与权力斗争...', 4, 0, '2025-10-09 19:35:44', '2025-10-09 19:35:44'),
	(9, 'RESTful API设计规范：从入门到精通', 'RESTful API强调资源导向，设计时需遵循URL命名规范、HTTP方法语义、状态码使用等原则...', 5, 0, '2025-10-06 14:40:22', '2025-10-07 11:25:15'),
	(10, '家常菜教程：30分钟做好番茄牛腩', '番茄牛腩是经典家常菜，酸甜可口、肉质软烂。步骤：1.牛腩切块焯水；2.番茄炒出沙；3.加水炖1小时...', 5, 0, '2025-10-10 17:20:33', '2025-10-10 17:20:33'),
	(11, '区块链入门：比特币与以太坊核心区别', '很多人混淆比特币和以太坊，其实前者是“数字黄金”，后者是智能合约平台...', 6, 0, '2025-10-07 10:05:11', '2025-10-07 10:05:11'),
	(12, '健身增肌计划：每周3次高效训练方案', '增肌无需每天泡健身房，合理安排胸肩背腿训练，配合高蛋白饮食，3个月可见明显效果...', 6, 0, '2025-10-11 09:30:44', '2025-10-12 10:20:55'),
	(13, 'Elasticsearch全文检索：索引设计与查询优化', 'Elasticsearch适合海量数据检索，索引分片、映射设计、查询DSL优化是提升性能的关键...', 7, 0, '2025-10-08 15:22:33', '2025-10-09 08:15:11'),
	(14, '云南大理5天4晚自由行攻略', '大理的风花雪月值得体验！路线：Day1大理古城→Day2洱海骑行→Day3苍山徒步→Day4双廊古镇...', 7, 0, '2025-10-13 11:45:22', '2025-10-13 11:45:22'),
	(15, 'Java线程池参数调优实战', '线程池参数设置不当会导致OOM或性能瓶颈，核心参数：核心线程数、最大线程数、队列容量...', 8, 0, '2025-10-09 14:10:33', '2025-10-10 13:25:44'),
	(16, '《人类简史》读书分享：认知革命的启示', '尤瓦尔·赫拉利的《人类简史》从认知革命、农业革命讲到科学革命，揭示了人类成为地球主宰的本质...', 8, 0, '2025-10-14 14:30:11', '2025-10-14 14:30:11'),
	(17, 'Redis缓存穿透与雪崩解决方案', '缓存问题是后端常见坑：穿透（查询不存在key）、雪崩（缓存集体失效）、击穿（热点key失效）...', 9, 0, '2025-10-10 10:08:22', '2025-10-10 16:40:33'),
	(18, '手冲咖啡教程：水温与研磨度控制', '手冲咖啡能最大程度保留风味，关键参数：水温90-93℃，研磨度介于食盐和白糖之间...', 9, 0, '2025-10-15 18:20:44', '2025-10-15 18:20:44'),
	(19, 'K8s部署微服务：Deployment与Service配置', 'Kubernetes是容器编排工具，Deployment管理Pod生命周期，Service提供稳定访问入口...', 10, 0, '2025-10-11 09:15:33', '2025-10-12 11:30:22'),
	(20, '英短猫饲养指南：饮食与毛发护理', '英短猫性格温顺、颜值高，饲养注意：1.喂天然猫粮；2.定期梳毛；3.预防泌尿疾病...', 10, 0, '2025-10-16 15:40:11', '2025-10-16 15:40:11'),
	(21, 'Vue3组合式API：setup与响应式原理', 'Vue3的组合式API比Options API更灵活，setup函数是入口，配合ref/reactive实现响应式...', 11, 0, '2025-10-12 16:30:44', '2025-10-13 10:15:22'),
	(22, '黄山3天2夜徒步路线规划', '黄山以奇松怪石闻名，徒步路线：Day1云谷寺→白鹅岭→始信峰→北海宾馆...', 11, 0, '2025-10-17 10:05:33', '2025-10-17 10:05:33'),
	(23, 'Spring Boot JVM参数调优实战', 'Spring Boot项目部署时，JVM参数调优能提升并发能力：-Xms2g -Xmx2g -XX:+UseG1GC...', 12, 0, '2025-10-13 14:20:11', '2025-10-14 15:30:44'),
	(24, '上海宝藏日料店推荐（性价比TOP10）', '上海日料选择众多，这份清单包含：1.鱼藏（刺身新鲜）；2.平成屋（居酒屋氛围）...', 12, 0, '2025-10-18 17:25:22', '2025-10-18 17:25:22'),
	(25, 'Flutter跨平台适配：iOS与Android差异', 'Flutter一套代码生成两端应用，适配注意：屏幕尺寸、状态栏、权限申请...', 13, 0, '2025-10-14 11:30:33', '2025-10-15 14:20:11'),
	(26, '手机人像摄影技巧：光线与构图', '不用单反也能拍好人像：1.利用黄金时刻（日出后1小时）；2.三分法构图；3.虚化背景...', 13, 0, '2025-10-19 16:45:44', '2025-10-19 16:45:44'),
	(27, 'MongoDB查询优化：索引与聚合管道', 'MongoDB是NoSQL数据库，适合存储非结构化数据，索引优化和聚合管道能提升查询效率...', 14, 0, '2025-10-15 13:15:22', '2025-10-16 10:40:33'),
	(28, '徒步雨崩：梅里雪山脚下的秘境', '雨崩是徒步者的天堂，路线：西当→雨崩上村→冰湖→雨崩下村→神瀑...', 14, 0, '2025-10-20 11:50:55', '2025-10-20 11:50:55'),
	(29, 'Node.js性能优化：事件循环与内存管理', 'Node.js基于V8引擎，事件循环是异步核心，内存管理需避免闭包泄漏、大文件缓存...', 15, 0, '2025-10-16 14:25:33', '2025-10-17 15:35:44'),
	(30, '自制奶茶教程：无添加更健康', '在家就能做奶茶：1.红茶煮5分钟；2.加牛奶和冰糖；3.冷藏后口感更佳...', 15, 0, '2025-10-21 14:10:22', '2025-10-21 14:10:22'),
	(31, 'C++17新特性：结构化绑定与折叠表达式', 'C++17带来了诸多实用特性，结构化绑定简化变量赋值，折叠表达式优化模板编程...', 16, 0, '2025-10-17 10:35:44', '2025-10-18 09:25:11'),
	(32, '西藏拉萨7天自由行攻略', '拉萨是离天空最近的城市，路线：Day1布达拉宫→Day2大昭寺→Day3纳木错...', 16, 0, '2025-10-22 12:15:33', '2025-10-22 12:15:33'),
	(33, 'GraphQL入门：替代RESTful API的新选择', 'GraphQL允许客户端按需获取数据，避免过度请求，适合复杂数据关联场景...', 17, 0, '2025-10-18 15:45:55', '2025-10-19 14:35:22'),
	(34, '烘焙入门：戚风蛋糕零失败教程', '戚风蛋糕柔软细腻，步骤：1.蛋白打发至硬性发泡；2.蛋黄糊与蛋白霜混合...', 17, 0, '2025-10-23 16:20:44', '2025-10-23 16:20:44'),
	(35, 'Docker容器化部署：镜像优化与编排', 'Docker简化部署流程，镜像优化技巧：多阶段构建、减小基础镜像体积...', 18, 0, '2025-10-19 09:55:06', '2025-10-20 10:45:33'),
	(36, '川西稻城亚丁旅行攻略：注意事项', '稻城亚丁海拔高，旅行注意：1.提前预防高原反应；2.穿冲锋衣；3.尊重当地习俗...', 18, 0, '2025-10-24 11:30:55', '2025-10-24 11:30:55'),
	(37, 'SwiftUI跨平台开发：iOS与macOS适配', 'SwiftUI是Apple的声明式UI框架，一套代码支持iOS、macOS、watchOS...', 19, 0, '2025-10-20 14:05:17', '2025-10-21 15:15:44'),
	(38, '手工酸奶教程：无添加发酵', '自制酸奶：1.牛奶加热至40℃；2.加入酸奶菌粉；3.保温发酵8小时...', 19, 0, '2025-10-25 17:35:22', '2025-10-25 17:35:22'),
	(39, 'PHP8性能优化：JIT编译与类型声明', 'PHP8引入JIT编译，性能提升50%+，配合严格类型声明，减少运行时错误...', 20, 0, '2025-10-21 10:15:28', '2025-10-22 09:05:33'),
	(40, '新疆喀纳斯旅行攻略：秋季摄影最佳路线', '喀纳斯秋季美如油画，路线：Day1乌鲁木齐→Day2布尔津→Day3喀纳斯湖...', 20, 0, '2025-10-26 12:40:44', '2025-10-26 12:40:44'),
	(44, 'test1', 'test1', 1, 0, '2025-11-18 12:19:19', '2025-11-18 12:19:19');

-- 导出  表 my_test_db.users 结构
CREATE TABLE IF NOT EXISTS `users` (
  `id` bigint(20) unsigned NOT NULL AUTO_INCREMENT,
  `username` varchar(64) NOT NULL COMMENT '用户名',
  `email` varchar(128) NOT NULL COMMENT '邮箱',
  `password` varchar(255) NOT NULL COMMENT '密码哈希',
  `post_num` bigint(20) NOT NULL DEFAULT 0 COMMENT '发帖数量',
  `created_at` datetime DEFAULT NULL COMMENT '创建时间',
  `updated_at` datetime DEFAULT NULL COMMENT '更新时间',
  PRIMARY KEY (`id`),
  UNIQUE KEY `idx_users_username` (`username`),
  UNIQUE KEY `idx_users_email` (`email`)
) ENGINE=InnoDB AUTO_INCREMENT=21 DEFAULT CHARSET=utf8mb4 COLLATE=utf8mb4_unicode_ci;

-- 正在导出表  my_test_db.users 的数据：~20 rows (大约)
INSERT INTO `users` (`id`, `username`, `email`, `password`, `post_num`, `created_at`, `updated_at`) VALUES
	(1, 'zhang_san', 'zhang_san@example.com', '$2a$10$EixZaYbB.rK4fl8x2q7Me.2Q7ww7JfuJtN0xG9604w2Gq6P6e7Ioe', 1, '2025-10-01 09:12:34', '2025-10-01 09:12:34'),
	(2, 'li_si', 'li_si@example.com', '$2a$10$EixZaYbB.rK4fl8x2q7Me.2Q7ww7JfuJtN0xG9604w2Gq6P6e7Ioe', 0, '2025-10-02 10:23:45', '2025-10-02 10:23:45'),
	(3, 'wang_wu', 'wang_wu@example.com', '$2a$10$EixZaYbB.rK4fl8x2q7Me.2Q7ww7JfuJtN0xG9604w2Gq6P6e7Ioe', 0, '2025-10-03 11:34:56', '2025-10-03 11:34:56'),
	(4, 'zhao_liu', 'zhao_liu@example.com', '$2a$10$EixZaYbB.rK4fl8x2q7Me.2Q7ww7JfuJtN0xG9604w2Gq6P6e7Ioe', 0, '2025-10-04 14:45:07', '2025-10-04 14:45:07'),
	(5, 'sun_qi', 'sun_qi@example.com', '$2a$10$EixZaYbB.rK4fl8x2q7Me.2Q7ww7JfuJtN0xG9604w2Gq6P6e7Ioe', 0, '2025-10-05 15:56:18', '2025-10-05 15:56:18'),
	(6, 'zhou_ba', 'zhou_ba@example.com', '$2a$10$EixZaYbB.rK4fl8x2q7Me.2Q7ww7JfuJtN0xG9604w2Gq6P6e7Ioe', 0, '2025-10-06 08:07:29', '2025-10-06 08:07:29'),
	(7, 'wu_jiu', 'wu_jiu@example.com', '$2a$10$EixZaYbB.rK4fl8x2q7Me.2Q7ww7JfuJtN0xG9604w2Gq6P6e7Ioe', 0, '2025-10-07 09:18:40', '2025-10-07 09:18:40'),
	(8, 'zheng_shi', 'zheng_shi@example.com', '$2a$10$EixZaYbB.rK4fl8x2q7Me.2Q7ww7JfuJtN0xG9604w2Gq6P6e7Ioe', 0, '2025-10-08 10:29:51', '2025-10-08 10:29:51'),
	(9, 'qian_shiyi', 'qian_shiyi@example.com', '$2a$10$EixZaYbB.rK4fl8x2q7Me.2Q7ww7JfuJtN0xG9604w2Gq6P6e7Ioe', 0, '2025-10-09 11:40:02', '2025-10-09 11:40:02'),
	(10, 'feng_shier', 'feng_shier@example.com', '$2a$10$EixZaYbB.rK4fl8x2q7Me.2Q7ww7JfuJtN0xG9604w2Gq6P6e7Ioe', 0, '2025-10-10 13:51:13', '2025-10-10 13:51:13'),
	(11, 'chen_shisan', 'chen_shisan@example.com', '$2a$10$EixZaYbB.rK4fl8x2q7Me.2Q7ww7JfuJtN0xG9604w2Gq6P6e7Ioe', 0, '2025-10-11 14:02:24', '2025-10-11 14:02:24'),
	(12, 'chu_shisi', 'chu_shisi@example.com', '$2a$10$EixZaYbB.rK4fl8x2q7Me.2Q7ww7JfuJtN0xG9604w2Gq6P6e7Ioe', 0, '2025-10-12 15:13:35', '2025-10-12 15:13:35'),
	(13, 'wei_shiwu', 'wei_shiwu@example.com', '$2a$10$EixZaYbB.rK4fl8x2q7Me.2Q7ww7JfuJtN0xG9604w2Gq6P6e7Ioe', 0, '2025-10-13 16:24:46', '2025-10-13 16:24:46'),
	(14, 'jiang_shiliu', 'jiang_shiliu@example.com', '$2a$10$EixZaYbB.rK4fl8x2q7Me.2Q7ww7JfuJtN0xG9604w2Gq6P6e7Ioe', 0, '2025-10-14 09:35:57', '2025-10-14 09:35:57'),
	(15, 'shen_shiqi', 'shen_shiqi@example.com', '$2a$10$EixZaYbB.rK4fl8x2q7Me.2Q7ww7JfuJtN0xG9604w2Gq6P6e7Ioe', 0, '2025-10-15 10:46:08', '2025-10-15 10:46:08'),
	(16, 'han_shiba', 'han_shiba@example.com', '$2a$10$EixZaYbB.rK4fl8x2q7Me.2Q7ww7JfuJtN0xG9604w2Gq6P6e7Ioe', 0, '2025-10-16 11:57:19', '2025-10-16 11:57:19'),
	(17, 'yang_shijiu', 'yang_shijiu@example.com', '$2a$10$EixZaYbB.rK4fl8x2q7Me.2Q7ww7JfuJtN0xG9604w2Gq6P6e7Ioe', 0, '2025-10-17 14:08:30', '2025-10-17 14:08:30'),
	(18, 'ouyang_ershi', 'ouyang_ershi@example.com', '$2a$10$EixZaYbB.rK4fl8x2q7Me.2Q7ww7JfuJtN0xG9604w2Gq6P6e7Ioe', 0, '2025-10-18 15:19:41', '2025-10-18 15:19:41'),
	(19, 'sima_ershiyi', 'sima_ershiyi@example.com', '$2a$10$EixZaYbB.rK4fl8x2q7Me.2Q7ww7JfuJtN0xG9604w2Gq6P6e7Ioe', 0, '2025-10-19 16:30:52', '2025-10-19 16:30:52'),
	(20, 'shangguan_ershier', 'shangguan_ershier@example.com', '$2a$10$EixZaYbB.rK4fl8x2q7Me.2Q7ww7JfuJtN0xG9604w2Gq6P6e7Ioe', 0, '2025-10-20 08:42:03', '2025-10-20 08:42:03');

/*!40103 SET TIME_ZONE=IFNULL(@OLD_TIME_ZONE, 'system') */;
/*!40101 SET SQL_MODE=IFNULL(@OLD_SQL_MODE, '') */;
/*!40014 SET FOREIGN_KEY_CHECKS=IFNULL(@OLD_FOREIGN_KEY_CHECKS, 1) */;
/*!40101 SET CHARACTER_SET_CLIENT=@OLD_CHARACTER_SET_CLIENT */;
/*!40111 SET SQL_NOTES=IFNULL(@OLD_SQL_NOTES, 1) */;
